{
    "1": {
        "training": [
            1.3632868793760648e-05,
            1.0,
            1.0,
            1.0,
            1.0
        ],
        "validate": [
            0.4890200882134875,
            0.9121621621621622,
            0.8512476007677543,
            0.9988738738738738,
            0.9191709844559586
        ],
        "test": [
            0.8966136298111181,
            0.4826555023923445,
            0.49066323245331617,
            0.9114832535885168,
            0.6379238174968606
        ]
    },
    "3": {
        "training": [
            9.823089543287472e-06,
            1.0,
            1.0,
            1.0,
            1.0
        ],
        "validate": [
            0.05637576508640504,
            0.986764705882353,
            0.9769452449567724,
            0.9970588235294118,
            0.9868995633187773
        ],
        "test": [
            1.0023068033947664,
            0.6047058823529412,
            0.5587846763540291,
            0.9952941176470588,
            0.7157360406091371
        ]
    },
    "5": {
        "training": [
            1.155443431557882e-05,
            1.0,
            1.0,
            1.0,
            1.0
        ],
        "validate": [
            0.02541534712757258,
            0.9941176470588236,
            0.9912280701754386,
            0.9970588235294118,
            0.9941348973607038
        ],
        "test": [
            0.8480311015072991,
            0.648235294117647,
            0.5870165745856354,
            1.0,
            0.7397737162750218
        ]
    },
    "9": {
        "training": [
            8.94753116506977e-06,
            1.0,
            1.0,
            1.0,
            1.0
        ],
        "validate": [
            0.023749822279633542,
            0.9955882352941177,
            0.9941348973607038,
            0.9970588235294118,
            0.9955947136563876
        ],
        "test": [
            1.2036806366899435,
            0.6729411764705883,
            0.604551920341394,
            1.0,
            0.7535460992907801
        ]
    },
    "11": {
        "training": [
            4.407592477411312e-06,
            1.0,
            1.0,
            1.0,
            1.0
        ],
        "validate": [
            0.012041993142520368,
            0.9970588235294118,
            0.9970588235294118,
            0.9970588235294118,
            0.9970588235294118
        ],
        "test": [
            1.978835533839404,
            0.6341176470588236,
            0.5774456521739131,
            1.0,
            0.7321274763135228
        ]
    },
    "21": {
        "training": [
            6.234861923397094e-06,
            1.0,
            1.0,
            1.0,
            1.0
        ],
        "validate": [
            0.007281102498349997,
            0.9955882352941177,
            0.9970501474926253,
            0.9941176470588236,
            0.9955817378497791
        ],
        "test": [
            0.7370031206304317,
            0.7647058823529411,
            0.680577849117175,
            0.9976470588235294,
            0.8091603053435115
        ]
    },
    "30": {
        "training": [
            1.0342630583395743e-05,
            1.0,
            1.0,
            1.0,
            1.0
        ],
        "validate": [
            0.010167644553471559,
            0.9970588235294118,
            1.0,
            0.9941176470588236,
            0.9970501474926253
        ],
        "test": [
            0.6371965692696326,
            0.7588235294117647,
            0.6751592356687898,
            0.9976470588235294,
            0.805318138651472
        ]
    },
    "40": {
        "training": [
            7.475971741608673e-06,
            1.0,
            1.0,
            1.0,
            1.0
        ],
        "validate": [
            0.002590279162979962,
            0.9985294117647059,
            1.0,
            0.9970588235294118,
            0.9985272459499264
        ],
        "test": [
            0.48362420950221885,
            0.8576470588235294,
            0.7794117647058824,
            0.9976470588235294,
            0.8751289989680082
        ]
    },
    "50": {
        "training": [
            9.928043394157773e-06,
            1.0,
            1.0,
            1.0,
            1.0
        ],
        "validate": [
            0.002231202349800215,
            1.0,
            1.0,
            1.0,
            1.0
        ],
        "test": [
            0.49999373777440803,
            0.8611764705882353,
            0.7837338262476895,
            0.9976470588235294,
            0.8778467908902692
        ]
    },
    "60": {
        "training": [
            8.885312688696157e-06,
            1.0,
            1.0,
            1.0,
            1.0
        ],
        "validate": [
            0.02063664612403901,
            0.9970588235294118,
            0.9970588235294118,
            0.9970588235294118,
            0.9970588235294118
        ],
        "test": [
            0.3540660719529671,
            0.9070588235294118,
            0.846,
            0.9952941176470588,
            0.9145945945945946
        ]
    }
}