{
    "1": {
        "training": {
            "loss": 7.666928286198527e-06,
            "accuracy": 1.0,
            "precision": 1.0,
            "recall": 1.0,
            "f1": 1.0,
            "confusion_matrix": [
                [
                    1360,
                    0
                ],
                [
                    0,
                    1360
                ]
            ]
        },
        "validate": {
            "loss": 0.7657672856241012,
            "accuracy": 0.8647058823529412,
            "precision": 0.7897196261682243,
            "recall": 0.9941176470588236,
            "f1": 0.8802083333333334,
            "confusion_matrix": [
                [
                    250,
                    90
                ],
                [
                    2,
                    338
                ]
            ]
        },
        "test": {
            "loss": 0.875282013837029,
            "accuracy": 0.56,
            "precision": 0.5337748344370861,
            "recall": 0.9482352941176471,
            "f1": 0.6830508474576271,
            "confusion_matrix": [
                [
                    73,
                    352
                ],
                [
                    22,
                    403
                ]
            ]
        }
    },
    "3": {
        "training": {
            "loss": 1.1739684636910062e-05,
            "accuracy": 1.0,
            "precision": 1.0,
            "recall": 1.0,
            "f1": 1.0,
            "confusion_matrix": [
                [
                    1360,
                    0
                ],
                [
                    0,
                    1360
                ]
            ]
        },
        "validate": {
            "loss": 0.06006119149105336,
            "accuracy": 0.9838235294117647,
            "precision": 0.9713467048710601,
            "recall": 0.9970588235294118,
            "f1": 0.9840348330914369,
            "confusion_matrix": [
                [
                    330,
                    10
                ],
                [
                    1,
                    339
                ]
            ]
        },
        "test": {
            "loss": 1.8971441266817206,
            "accuracy": 0.5670588235294117,
            "precision": 0.5360303413400759,
            "recall": 0.9976470588235294,
            "f1": 0.6973684210526315,
            "confusion_matrix": [
                [
                    58,
                    367
                ],
                [
                    1,
                    424
                ]
            ]
        }
    },
    "5": {
        "training": {
            "loss": 1.6858396932263856e-05,
            "accuracy": 1.0,
            "precision": 1.0,
            "recall": 1.0,
            "f1": 1.0,
            "confusion_matrix": [
                [
                    52840,
                    0
                ],
                [
                    0,
                    52840
                ]
            ]
        },
        "validate": {
            "loss": 0.001392729397560702,
            "accuracy": 0.9995847176079734,
            "precision": 0.9992529880478087,
            "recall": 0.9999169435215947,
            "f1": 0.9995848555297243,
            "confusion_matrix": [
                [
                    12031,
                    9
                ],
                [
                    1,
                    12039
                ]
            ]
        },
        "test": {
            "loss": 4.076304628964863,
            "accuracy": 0.5302137305699481,
            "precision": 0.5155785606946067,
            "recall": 0.9999352331606217,
            "f1": 0.6803569461275751,
            "confusion_matrix": [
                [
                    934,
                    14506
                ],
                [
                    1,
                    15439
                ]
            ]
        }
    },
    "9": {
        "training": {
            "loss": 1.721683911441218e-05,
            "accuracy": 1.0,
            "precision": 1.0,
            "recall": 1.0,
            "f1": 1.0,
            "confusion_matrix": [
                [
                    92808,
                    0
                ],
                [
                    0,
                    92808
                ]
            ]
        },
        "validate": {
            "loss": 0.0228915699434153,
            "accuracy": 0.9980638166047088,
            "precision": 0.9961936114397407,
            "recall": 0.9999483684427922,
            "f1": 0.9980674585791955,
            "confusion_matrix": [
                [
                    19294,
                    74
                ],
                [
                    1,
                    19367
                ]
            ]
        },
        "test": {
            "loss": 0.2401470288023942,
            "accuracy": 0.8672708725674827,
            "precision": 0.7902635658914728,
            "recall": 0.9999215317011927,
            "f1": 0.8828154768090339,
            "confusion_matrix": [
                [
                    18724,
                    6764
                ],
                [
                    2,
                    25486
                ]
            ]
        }
    },
    "11": {
        "training": {
            "loss": 1.9383820459425053e-05,
            "accuracy": 1.0,
            "precision": 1.0,
            "recall": 1.0,
            "f1": 1.0,
            "confusion_matrix": [
                [
                    112024,
                    0
                ],
                [
                    0,
                    112024
                ]
            ]
        },
        "validate": {
            "loss": 0.00014613153755569576,
            "accuracy": 0.9999326266618757,
            "precision": 0.9999101729171345,
            "recall": 0.9999550844412505,
            "f1": 0.9999326281748973,
            "confusion_matrix": [
                [
                    22262,
                    2
                ],
                [
                    1,
                    22263
                ]
            ]
        },
        "test": {
            "loss": 1.1636657925637284,
            "accuracy": 0.8463051371705218,
            "precision": 0.7648828657391931,
            "recall": 1.0,
            "f1": 0.8667803179321298,
            "confusion_matrix": [
                [
                    20601,
                    9143
                ],
                [
                    0,
                    29744
                ]
            ]
        }
    },
    "21": {
        "training": {
            "loss": 1.529035179002481e-05,
            "accuracy": 1.0,
            "precision": 1.0,
            "recall": 1.0,
            "f1": 1.0,
            "confusion_matrix": [
                [
                    200424,
                    0
                ],
                [
                    0,
                    200424
                ]
            ]
        },
        "validate": {
            "loss": 5.197118155387731e-05,
            "accuracy": 0.9999827965868429,
            "precision": 0.9999655943574747,
            "recall": 1.0,
            "f1": 0.9999827968827951,
            "confusion_matrix": [
                [
                    29063,
                    1
                ],
                [
                    0,
                    29064
                ]
            ]
        },
        "test": {
            "loss": 0.033795427917475744,
            "accuracy": 0.9902523994093761,
            "precision": 0.9810299943406904,
            "recall": 0.9998385012919897,
            "f1": 0.9903449536672037,