{
    "1": {
        "training": [
            0.6932524996645311,
            0.4919117647058823,
            0.49541666666666667,
            0.8742647058823529,
            0.6324468085106383
        ],
        "validate": [
            0.6931663415011238,
            0.5,
            0.5,
            1.0,
            0.6666666666666666
        ],
        "test": [
            0.7186356380406548,
            0.3458823529411765,
            0.32439678284182305,
            0.2847058823529412,
            0.3032581453634085
        ]
    },
    "3": {
        "training": [
            0.6936709249720854,
            0.49411764705882355,
            0.4934210526315789,
            0.4411764705882353,
            0.4658385093167702
        ],
        "validate": [
            0.6931679760708528,
            0.5,
            0.5,
            1.0,
            0.6666666666666666
        ],
        "test": [
            1.0829148561814252,
            0.2564705882352941,
            0.16065573770491803,
            0.11529411764705882,
            0.13424657534246576
        ]
    },
    "5": {
        "training": [
            0.6933456378824571,
            0.4919117647058823,
            0.45703125,
            0.08602941176470588,
            0.1448019801980198
        ],
        "validate": [
            0.693157636418062,
            0.5,
            0.0,
            0.0,
            0.0
        ],
        "test": [
            0.7192504993607016,
            0.28352941176470586,
            0.3614457831325301,
            0.5647058823529412,
            0.44077134986225897
        ]
    },
    "11": {
        "training": [
            0.6932504289290484,
            0.48308823529411765,
            0.48739035087719296,
            0.6536764705882353,
            0.5584170854271356
        ],
        "validate": [
            0.6931686078800875,
            0.5,
            0.5,
            1.0,
            0.6666666666666666
        ],
        "test": [
            0.6924522199350245,
            0.5,
            0.5,
            1.0,
            0.6666666666666666
        ]
    },
    "21": {
        "training": [
            0.6932074196198408,
            0.5,
            0.5,
            1.0,
            0.6666666666666666
        ],
        "validate": [
            0.6931483324836282,
            0.5,
            0.5,
            1.0,
            0.6666666666666666
        ],
        "test": [
            0.6971312559352202,
            0.2847058823529412,
            0.2057877813504823,
            0.15058823529411763,
            0.17391304347826086
        ]
    },
    "30": {
        "training": [
            0.5083209248150096,
            0.7463235294117647,
            0.9407894736842105,
            0.5257352941176471,
            0.6745283018867925
        ],
        "validate": [
            0.6039851784706116,
            0.6529411764705882,
            0.825,
            0.38823529411764707,
            0.528
        ],
        "test": [
            2.880605275771197,
            0.13529411764705881,
            0.19844357976653695,
            0.24,
            0.21725239616613418
        ]
    },
    "40": {
        "training": [
            0.5392733517815085,
            0.7058823529411765,
            0.8921568627450981,
            0.46838235294117647,
            0.6142719382835101
        ],
        "validate": [
            0.5528859706485972,
            0.7044117647058824,
            0.9112426035502958,
            0.45294117647058824,
            0.6051080550098232
        ],
        "test": [
            3.208571495729334,
            0.14,
            0.20576923076923076,
            0.25176470588235295,
            0.22645502645502646
        ]
    },
    "50": {
        "training": [
            0.5129515395444982,
            0.7422794117647059,
            0.9273670557717251,
            0.5257352941176471,
            0.6710464570624121
        ],
        "validate": [
            0.5839957461637609,
            0.6676470588235294,
            0.8131868131868132,
            0.43529411764705883,
            0.5670498084291188
        ],
        "test": [
            2.7307111134248623,
            0.13176470588235295,
            0.1949317738791423,
            0.23529411764705882,
            0.21321961620469082
        ]
    },
    "60": {
        "training": [
            0.5054579594556023,
            0.7459558823529412,
            0.9293966623876765,
            0.5323529411764706,
            0.6769518466573166
        ],
        "validate": [
            0.6488829994902892,
            0.6441176470588236,
            1.0,
            0.28823529411764703,
            0.4474885844748858
        ],
        "test": [
            3.057010237749885,
            0.14,
            0.20576923076923076,
            0.25176470588235295,
            0.22645502645502646
        ]
    }
}