{
    "1": {
        "training": [
            8.253038284986842e-06,
            1.0,
            1.0,
            1.0,
            1.0
        ],
        "validate": [
            0.6002443797853844,
            0.8794117647058823,
            0.8086124401913876,
            0.9941176470588236,
            0.8918205804749341
        ],
        "test": [
            0.9558620682884665,
            0.5611764705882353,
            0.5341207349081365,
            0.9576470588235294,
            0.6857624262847515
        ]
    },
    "3": {
        "training": [
            1.1051020384697682e-05,
            1.0,
            1.0,
            1.0,
            1.0
        ],
        "validate": [
            0.05937053725535995,
            0.9823529411764705,
            0.9685714285714285,
            0.9970588235294118,
            0.9826086956521739
        ],
        "test": [
            1.725061962026007,
            0.5658823529411765,
            0.5353535353535354,
            0.9976470588235294,
            0.6967953985209532
        ]
    },
    "5": {
        "training": [
            9.585638278675855e-06,
            1.0,
            1.0,
            1.0,
            1.0
        ],
        "validate": [
            0.02378011334110531,
            0.9955882352941177,
            0.9941348973607038,
            0.9970588235294118,
            0.9955947136563876
        ],
        "test": [
            1.6052015836098614,
            0.5447058823529412,
            0.5233990147783252,
            1.0,
            0.6871463217461601
        ]
    },
    "9": {
        "training": [
            1.0695466452863697e-05,
            1.0,
            1.0,
            1.0,
            1.0
        ],
        "validate": [
            0.018189936439311542,
            0.9970588235294118,
            0.9941520467836257,
            1.0,
            0.9970674486803519
        ],
        "test": [
            0.8000663163907388,
            0.6517647058823529,
            0.5894590846047156,
            1.0,
            0.7417102966841187
        ]
    },
    "11": {
        "training": [
            1.2520624488174423e-05,
            1.0,
            1.0,
            1.0,
            1.0
        ],
        "validate": [
            0.004015482964785085,
            0.9985294117647059,
            0.9970674486803519,
            1.0,
            0.9985315712187959
        ],
        "test": [
            2.0028584082358556,
            0.6035294117647059,
            0.5577427821522309,
            1.0,
            0.7160909856781803
        ]
    },
    "21": {
        "training": [
            1.062987761114902e-05,
            1.0,
            1.0,
            1.0,
            1.0
        ],
        "validate": [
            0.009222034154610061,
            0.9955882352941177,
            0.9970501474926253,
            0.9941176470588236,
            0.9955817378497791
        ],
        "test": [
            0.9097411057758419,
            0.6964705882352941,
            0.6226138032305433,
            0.9976470588235294,
            0.7667269439421338
        ]
    },
    "30": {
        "training": [
            1.1065797870661995e-05,
            1.0,
            1.0,
            1.0,
            1.0
        ],
        "validate": [
            0.006543965850436079,
            0.9970588235294118,
            0.9970588235294118,
            0.9970588235294118,
            0.9970588235294118
        ],
        "test": [
            0.7515985203753499,
            0.7258823529411764,
            0.6463414634146342,
            0.9976470588235294,
            0.7844588344125809
        ]
    },
    "40": {
        "training": [
            9.887728682609604e-06,
            1.0,
            1.0,
            1.0,
            1.0
        ],
        "validate": [
            0.004218411507730814,
            0.9985294117647059,
            1.0,
            0.9970588235294118,
            0.9985272459499264
        ],
        "test": [
            0.642210672075915,
            0.7847058823529411,
            0.6996699669966997,
            0.9976470588235294,
            0.8225024248302619
        ]
    },
    "50": {
        "training": [
            9.310506453295922e-06,
            1.0,
            1.0,
            1.0,
            1.0
        ],
        "validate": [
            0.000946513584156438,
            1.0,
            1.0,
            1.0,
            1.0
        ],
        "test": [
            0.5128674566899153,
            0.8776470588235294,
            0.8045540796963947,
            0.9976470588235294,
            0.8907563025210085
        ]
    },
    "60": {
        "training": [
            7.811025978512856e-06,
            1.0,
            1.0,
            1.0,
            1.0
        ],
        "validate": [
            0.015564189497803561,
            0.9970588235294118,
            0.9970588235294118,
            0.9970588235294118,
            0.9970588235294118
        ],
        "test": [
            0.37432780916199965,
            0.8917647058823529,
            0.8245614035087719,
            0.9952941176470588,
            0.9019189765458422
        ]
    }
}